{"data":[{"ObjectIdentifier": "8053B6A4-8E6B-4133-B4CA-879F69592E87", "Properties": {"domain": "NORTH.SEVENKINGDOMS.LOCAL", "name": "MANAGED SERVICE ACCOUNTS@NORTH.SEVENKINGDOMS.LOCAL", "distinguishedname": "CN=MANAGED SERVICE ACCOUNTS,DC=NORTH,DC=SEVENKINGDOMS,DC=LOCAL", "domainsid": "S-1-5-21-700064737-1551254894-2000701521", "highvalue": false, "description": "Default container for managed service accounts", "whencreated": 1693527518}, "IsDeleted": false, "IsACLProtected": false, "Aces": [{"RightName": "Owns", "IsInherited": false, "PrincipalSID": "S-1-5-21-700064737-1551254894-2000701521-512", "PrincipalType": "Group"}, {"RightName": "WriteOwner", "IsInherited": false, "PrincipalSID": "S-1-5-21-700064737-1551254894-2000701521-512", "PrincipalType": "Group"}, {"RightName": "WriteDacl", "IsInherited": false, "PrincipalSID": "S-1-5-21-700064737-1551254894-2000701521-512", "PrincipalType": "Group"}, {"RightName": "GenericAll", "IsInherited": true, "PrincipalSID": "S-1-5-21-1243217196-228267950-267759882-519", "PrincipalType": "Group"}, {"RightName": "WriteOwner", "IsInherited": true, "PrincipalSID": "NORTH.SEVENKINGDOMS.LOCAL-S-1-5-32-544", "PrincipalType": "Group"}, {"RightName": "WriteDacl", "IsInherited": true, "PrincipalSID": "NORTH.SEVENKINGDOMS.LOCAL-S-1-5-32-544", "PrincipalType": "Group"}], "ChildObjects": []},{"ObjectIdentifier": "F9D21C3D-5FEC-456E-B738-3905047929BC", "Properties": {"domain": "NORTH.SEVENKINGDOMS.LOCAL", "name": "MICROSOFT@NORTH.SEVENKINGDOMS.LOCAL", "distinguishedname": "CN=MICROSOFT,CN=PROGRAM DATA,DC=NORTH,DC=SEVENKINGDOMS,DC=LOCAL", "domainsid": "S-1-5-21-700064737-1551254894-2000701521", "highvalue": false, "description": "Default location for storage of Microsoft application data.", "whencreated": 1693527518}, "IsDeleted": false, "IsACLProtected": false, "Aces": [{"RightName": "Owns", "IsInherited": false, "PrincipalSID": "S-1-5-21-700064737-1551254894-2000701521-512", "PrincipalType": "Group"}, {"RightName": "GenericAll", "IsInherited": false, "PrincipalSID": "S-1-5-21-700064737-1551254894-2000701521-512", "PrincipalType": "Group"}, {"RightName": "GenericAll", "IsInherited": true, "PrincipalSID": "S-1-5-21-1243217196-228267950-267759882-519", "PrincipalType": "Group"}, {"RightName": "WriteOwner", "IsInherited": true, "PrincipalSID": "NORTH.SEVENKINGDOMS.LOCAL-S-1-5-32-544", "PrincipalType": "Group"}, {"RightName": "WriteDacl", "IsInherited": true, "PrincipalSID": "NORTH.SEVENKINGDOMS.LOCAL-S-1-5-32-544", "PrincipalType": "Group"}], "ChildObjects": []},{"ObjectIdentifier": "03131C43-B17F-4B83-AB66-821C264CF609", "Properties": {"domain": "NORTH.SEVENKINGDOMS.LOCAL", "name": "PROGRAM DATA@NORTH.SEVENKINGDOMS.LOCAL", "distinguishedname": "CN=PROGRAM DATA,DC=NORTH,DC=SEVENKINGDOMS,DC=LOCAL", "domainsid": "S-1-5-21-700064737-1551254894-2000701521", "highvalue": false, "description": "Default location for storage of application data.", "whencreated": 1693527518}, "IsDeleted": false, "IsACLProtected": false, "Aces": [{"RightName": "Owns", "IsInherited": false, "PrincipalSID": "S-1-5-21-700064737-1551254894-2000701521-512", "PrincipalType": "Group"}, {"RightName": "GenericAll", "IsInherited": false, "PrincipalSID": "S-1-5-21-700064737-1551254894-2000701521-512", "PrincipalType": "Group"}, {"RightName": "GenericAll", "IsInherited": true, "PrincipalSID": "S-1-5-21-1243217196-228267950-267759882-519", "PrincipalType": "Group"}, {"RightName": "WriteOwner", "IsInherited": true, "PrincipalSID": "NORTH.SEVENKINGDOMS.LOCAL-S-1-5-32-544", "PrincipalType": "Group"}, {"RightName": "WriteDacl", "IsInherited": true, "PrincipalSID": "NORTH.SEVENKINGDOMS.LOCAL-S-1-5-32-544", "PrincipalType": "Group"}], "ChildObjects": []},{"ObjectIdentifier": "E6E0F5E0-877E-4C20-9FB0-0E7B04DA3176", "Properties": {"domain": "NORTH.SEVENKINGDOMS.LOCAL", "name": "WMIGPO@NORTH.SEVENKINGDOMS.LOCAL", "distinguishedname": "CN=WMIGPO,CN=WMIPOLICY,CN=SYSTEM,DC=NORTH,DC=SEVENKINGDOMS,DC=LOCAL", "domainsid": "S-1-5-21-700064737-1551254894-2000701521", "highvalue": false, "description": "", "whencreated": 1693527518}, "IsDeleted": false, "IsACLProtected": false, "Aces": [{"RightName": "Owns", "IsInherited": false, "PrincipalSID": "S-1-5-21-700064737-1551254894-2000701521-512", "PrincipalType": "Group"}, {"RightName": "WriteOwner", "IsInherited": false, "PrincipalSID": "S-1-5-21-700064737-1551254894-2000701521-512", "PrincipalType": "Group"}, {"RightName": "WriteDacl", "IsInherited": false, "PrincipalSID": "S-1-5-21-700064737-1551254894-2000701521-512", "PrincipalType": "Group"}, {"RightName": "GenericAll", "IsInherited": true, "PrincipalSID": "S-1-5-21-1243217196-228267950-267759882-519", "PrincipalType": "Group"}, {"RightName": "GenericAll", "IsInherited": true, "PrincipalSID": "S-1-5-21-700064737-1551254894-2000701521-512", "PrincipalType": "Group"}], "ChildObjects": []},{"ObjectIdentifier": "1EAA8864-AC18-4D44-8DC4-08920CBA1720", "Properties": {"domain": "NORTH.SEVENKINGDOMS.LOCAL", "name": "FOREIGNSECURITYPRINCIPALS@NORTH.SEVENKINGDOMS.LOCAL", "distinguishedname": "CN=FOREIGNSECURITYPRINCIPALS,DC=NORTH,DC=SEVENKINGDOMS,DC=LOCAL", "domainsid": "S-1-5-21-700064737-1551254894-2000701521", "highvalue": false, "description": "Default container for security identifiers (SIDs) associated with objects from external, trusted domains", "whencreated": 1693527518}, "IsDeleted": false, "IsACLProtected": false, "Aces": [{"RightName": "Owns", "IsInherited": false, "PrincipalSID": "S-1-5-21-700064737-1551254894-2000701521-512", "PrincipalType": "Group"}, {"RightName": "GenericAll", "IsInherited": false, "PrincipalSID": "S-1-5-21-700064737-1551254894-2000701521-512", "PrincipalType": "Group"}, {"RightName": "GenericAll", "IsInherited": true, "PrincipalSID": "S-1-5-21-1243217196-228267950-267759882-519", "PrincipalType": "Group"}, {"RightName": "WriteOwner", "IsInherited": true, "PrincipalSID": "NORTH.SEVENKINGDOMS.LOCAL-S-1-5-32-544", "PrincipalType": "Group"}, {"RightName": "WriteDacl", "IsInherited": true, "PrincipalSID": "NORTH.SEVENKINGDOMS.LOCAL-S-1-5-32-544", "PrincipalType": "Group"}], "ChildObjects": []},{"ObjectIdentifier": "4A832117-6F61-402A-9F0A-7BE9099044D6", "Properties": {"domain": "NORTH.SEVENKINGDOMS.LOCAL", "name": "POLICYTYPE@NORTH.SEVENKINGDOMS.LOCAL", "distinguishedname": "CN=POLICYTYPE,CN=WMIPOLICY,CN=SYSTEM,DC=NORTH,DC=SEVENKINGDOMS,DC=LOCAL", "domainsid": "S-1-5-21-700064737-1551254894-2000701521", "highvalue": false, "description": "", "whencreated": 1693527518}, "IsDeleted": false, "IsACLProtected": false, "Aces": [{"RightName": "Owns", "IsInherited": false, "PrincipalSID": "S-1-5-21-700064737-1551254894-2000701521-512", "PrincipalType": "Group"}, {"RightName": "WriteOwner", "IsInherited": false, "PrincipalSID": "S-1-5-21-700064737-1551254894-2000701521-512", "PrincipalType": "Group"}, {"RightName": "WriteDacl", "IsInherited": false, "PrincipalSID": "S-1-5-21-700064737-1551254894-2000701521-512", "PrincipalType": "Group"}, {"RightName": "GenericAll", "IsInherited": true, "PrincipalSID": "S-1-5-21-1243217196-228267950-267759882-519", "PrincipalType": "Group"}, {"RightName": "GenericAll", "IsInherited": true, "PrincipalSID": "S-1-5-21-700064737-1551254894-2000701521-512", "PrincipalType": "Group"}], "ChildObjects": []},{"ObjectIdentifier": "0EAE939A-2A2A-4B6A-9352-6B94C8AB5876", "Properties": {"domain": "NORTH.SEVENKINGDOMS.LOCAL", "name": "SOM@NORTH.SEVENKINGDOMS.LOCAL", "distinguishedname": "CN=SOM,CN=WMIPOLICY,CN=SYSTEM,DC=NORTH,DC=SEVENKINGDOMS,DC=LOCAL", "domainsid": "S-1-5-21-700064737-1551254894-2000701521", "highvalue": false, "description": "", "whencreated": 1693527518}, "IsDeleted": false, "IsACLProtected": true, "Aces": [{"RightName": "Owns", "IsInherited": false, "PrincipalSID": "S-1-5-21-700064737-1551254894-2000701521-512", "PrincipalType": "Group"}, {"RightName": "GenericAll", "IsInherited": false, "PrincipalSID": "S-1-5-21-700064737-1551254894-2000701521-512", "PrincipalType": "Group"}, {"RightName": "GenericAll", "IsInherited": false, "PrincipalSID": "S-1-5-21-1243217196-228267950-267759882-519", "PrincipalType": "Group"}], "ChildObjects": []},{"ObjectIdentifier": "94B4269E-8B1A-4BAC-A490-A5EC559E44E7", "Properties": {"domain": "NORTH.SEVENKINGDOMS.LOCAL", "name": "POLICYTEMPLATE@NORTH.SEVENKINGDOMS.LOCAL", "distinguishedname": "CN=POLICYTEMPLATE,CN=WMIPOLICY,CN=SYSTEM,DC=NORTH,DC=SEVENKINGDOMS,DC=LOCAL", "domainsid": "S-1-5-21-700064737-1551254894-2000701521", "highvalue": false, "description": "", "whencreated": 1693527518}, "IsDeleted": false, "IsACLProtected": false, "Aces": [{"RightName": "Owns", "IsInherited": false, "PrincipalSID": "S-1-5-21-700064737-1551254894-2000701521-512", "PrincipalType": "Group"}, {"RightName": "WriteOwner", "IsInherited": false, "PrincipalSID": "S-1-5-21-700064737-1551254894-2000701521-512", "PrincipalType": "Group"}, {"RightName": "WriteDacl", "IsInherited": false, "PrincipalSID": "S-1-5-21-700064737-1551254894-2000701521-512", "PrincipalType": "Group"}, {"RightName": "GenericAll", "IsInherited": true, "PrincipalSID": "S-1-5-21-1243217196-228267950-267759882-519", "PrincipalType": "Group"}, {"RightName": "GenericAll", "IsInherited": true, "PrincipalSID": "S-1-5-21-700064737-1551254894-2000701521-512", "PrincipalType": "Group"}], "ChildObjects": []},{"ObjectIdentifier": "267E27C0-57A5-45F8-9844-BAEFCD62E290", "Properties": {"domain": "NORTH.SEVENKINGDOMS.LOCAL", "name": "WMIPOLICY@NORTH.SEVENKINGDOMS.LOCAL", "distinguishedname": "CN=WMIPOLICY,CN=SYSTEM,DC=NORTH,DC=SEVENKINGDOMS,DC=LOCAL", "domainsid": "S-1-5-21-700064737-1551254894-2000701521", "highvalue": false, "description": "", "whencreated": 1693527518}, "IsDeleted": false, "IsACLProtected": true, "Aces": [{"RightName": "Owns", "IsInherited": false, "PrincipalSID": "S-1-5-21-700064737-1551254894-2000701521-512", "PrincipalType": "Group"}, {"RightName": "GenericAll", "IsInherited": false, "PrincipalSID": "S-1-5-21-1243217196-228267950-267759882-519", "PrincipalType": "Group"}, {"RightName": "GenericAll", "IsInherited": false, "PrincipalSID": "S-1-5-21-700064737-1551254894-2000701521-512", "PrincipalType": "Group"}], "ChildObjects": []},{"ObjectIdentifier": "D0244A08-EF92-4699-96CF-A6899637BCB7", "Properties": {"domain": "NORTH.SEVENKINGDOMS.LOCAL", "name": "COMPARTITIONSETS@NORTH.SEVENKINGDOMS.LOCAL", "distinguishedname": "CN=COMPARTITIONSETS,CN=SYSTEM,DC=NORTH,DC=SEVENKINGDOMS,DC=LOCAL", "domainsid": "S-1-5-21-700064737-1551254894-2000701521", "highvalue": false, "description": "", "whencreated": 1693527518}, "IsDeleted": false, "IsACLProtected": false, "Aces": [{"RightName": "Owns", "IsInherited": false, "PrincipalSID": "S-1-5-21-700064737-1551254894-2000701521-512", "PrincipalType": "Group"}, {"RightName": "WriteOwner", "IsInherited": false, "PrincipalSID": "S-1-5-21-700064737-1551254894-2000701521-512", "PrincipalType": "Group"}, {"RightName": "WriteDacl", "IsInherited": false, "PrincipalSID": "S-1-5-21-700064737-1551254894-2000701521-512", "PrincipalType": "Group"}, {"RightName": "GenericAll", "IsInherited": true, "PrincipalSID": "S-1-5-21-1243217196-228267950-267759882-519", "PrincipalType": "Group"}, {"RightName": "WriteOwner", "IsInherited": true, "PrincipalSID": "NORTH.SEVENKINGDOMS.LOCAL-S-1-5-32-544", "PrincipalType": "Group"}, {"RightName": "WriteDacl", "IsInherited": true, "PrincipalSID": "NORTH.SEVENKINGDOMS.LOCAL-S-1-5-32-544", "PrincipalType": "Group"}], "ChildObjects": []},{"ObjectIdentifier": "37A1245D-9A41-468F-9A74-69F1BA4E28A5", "Properties": {"domain": "NORTH.SEVENKINGDOMS.LOCAL", "name": "COMPARTITIONS@NORTH.SEVENKINGDOMS.LOCAL", "distinguishedname": "CN=COMPARTITIONS,CN=SYSTEM,DC=NORTH,DC=SEVENKINGDOMS,DC=LOCAL", "domainsid": "S-1-5-21-700064737-1551254894-2000701521", "highvalue": false, "description": "", "whencreated": 1693527518}, "IsDeleted": false, "IsACLProtected": false, "Aces": [{"RightName": "Owns", "IsInherited": false, "PrincipalSID": "S-1-5-21-700064737-1551254894-2000701521-512", "PrincipalType": "Group"}, {"RightName": "WriteOwner", "IsInherited": false, "PrincipalSID": "S-1-5-21-700064737-1551254894-2000701521-512", "PrincipalType": "Group"}, {"RightName": "WriteDacl", "IsInherited": false, "PrincipalSID": "S-1-5-21-700064737-1551254894-2000701521-512", "PrincipalType": "Group"}, {"RightName": "GenericAll", "IsInherited": true, "PrincipalSID": "S-1-5-21-1243217196-228267950-267759882-519", "PrincipalType": "Group"}, {"RightName": "WriteOwner", "IsInherited": true, "PrincipalSID": "NORTH.SEVENKINGDOMS.LOCAL-S-1-5-32-544", "PrincipalType": "Group"}, {"RightName": "WriteDacl", "IsInherited": true, "PrincipalSID": "NORTH.SEVENKINGDOMS.LOCAL-S-1-5-32-544", "PrincipalType": "Group"}], "ChildObjects": []},{"ObjectIdentifier": "1D57EBC3-9D0E-47F2-A6A9-0ED6E6A1F152", "Properties": {"domain": "NORTH.SEVENKINGDOMS.LOCAL", "name": "ADMINSDHOLDER@NORTH.SEVENKINGDOMS.LOCAL", "distinguishedname": "CN=ADMINSDHOLDER,CN=SYSTEM,DC=NORTH,DC=SEVENKINGDOMS,DC=LOCAL", "domainsid": "S-1-5-21-700064737-1551254894-2000701521", "highvalue": false, "description": "", "whencreated": 1693527518}, "IsDeleted": false, "IsACLProtected": true, "Aces": [{"RightName": "Owns", "IsInherited": false, "PrincipalSID": "S-1-5-21-700064737-1551254894-2000701521-512", "PrincipalType": "Group"}, {"RightName": "WriteOwner", "IsInherited": false, "PrincipalSID": "S-1-5-21-1243217196-228267950-267759882-519", "PrincipalType": "Group"}, {"RightName": "WriteDacl", "IsInherited": false, "PrincipalSID": "S-1-5-21-1243217196-228267950-267759882-519", "PrincipalType": "Group"}, {"RightName": "WriteOwner", "IsInherited": false, "PrincipalSID": "S-1-5-21-700064737-1551254894-2000701521-512", "PrincipalType": "Group"}, {"RightName": "WriteDacl", "IsInherited": false, "PrincipalSID": "S-1-5-21-700064737-1551254894-2000701521-512", "PrincipalType": "Group"}, {"RightName": "WriteOwner", "IsInherited": false, "PrincipalSID": "NORTH.SEVENKINGDOMS.LOCAL-S-1-5-32-544", "PrincipalType": "Group"}, {"RightName": "WriteDacl", "IsInherited": false, "PrincipalSID": "NORTH.SEVENKINGDOMS.LOCAL-S-1-5-32-544", "PrincipalType": "Group"}], "ChildObjects": []},{"ObjectIdentifier": "01CC64D1-6792-4221-AB9C-CC13CB218C29", "Properties": {"domain": "NORTH.SEVENKINGDOMS.LOCAL", "name": "RAS AND IAS SERVERS ACCESS CHECK@NORTH.SEVENKINGDOMS.LOCAL", "distinguishedname": "CN=RAS AND IAS SERVERS ACCESS CHECK,CN=SYSTEM,DC=NORTH,DC=SEVENKINGDOMS,DC=LOCAL", "domainsid": "S-1-5-21-700064737-1551254894-2000701521", "highvalue": false, "description": "", "whencreated": 1693527518}, "IsDeleted": false, "IsACLProtected": false, "Aces": [{"RightName": "Owns", "IsInherited": false, "PrincipalSID": "S-1-5-21-700064737-1551254894-2000701521-512", "PrincipalType": "Group"}, {"RightName": "WriteOwner", "IsInherited": false, "PrincipalSID": "S-1-5-21-700064737-1551254894-2000701521-553", "PrincipalType": "Group"}, {"RightName": "WriteDacl", "IsInherited": false, "PrincipalSID": "S-1-5-21-700064737-1551254894-2000701521-553", "PrincipalType": "Group"}, {"RightName": "GenericAll", "IsInherited": true, "PrincipalSID": "S-1-5-21-1243217196-228267950-267759882-519", "PrincipalType": "Group"}, {"RightName": "WriteOwner", "IsInherited": true, "PrincipalSID": "NORTH.SEVENKINGDOMS.LOCAL-S-1-5-32-544", "PrincipalType": "Group"}, {"RightName": "WriteDacl", "IsInherited": true, "PrincipalSID": "NORTH.SEVENKINGDOMS.LOCAL-S-1-5-32-544", "PrincipalType": "Group"}], "ChildObjects": []},{"ObjectIdentifier": "C785E0C1-C772-4CE2-B9E9-036BCF5FBA00", "Properties": {"domain": "NORTH.SEVENKINGDOMS.LOCAL", "name": "POLICIES@NORTH.SEVENKINGDOMS.LOCAL", "distinguishedname": "CN=POLICIES,CN=SYSTEM,DC=NORTH,DC=SEVENKINGDOMS,DC=LOCAL", "domainsid": "S-1-5-21-700064737-1551254894-2000701521", "highvalue": false, "description": "", "whencreated": 1693527518}, "IsDeleted": false, "IsACLProtected": false, "Aces": [{"RightName": "Owns", "IsInherited": false, "PrincipalSID": "S-1-5-21-700064737-1551254894-2000701521-512", "PrincipalType": "Group"}, {"RightName": "WriteOwner", "IsInherited": false, "PrincipalSID": "S-1-5-21-700064737-1551254894-2000701521-512", "PrincipalType": "Group"}, {"RightName": "WriteDacl", "IsInherited": false, "PrincipalSID": "S-1-5-21-700064737-1551254894-2000701521-512", "PrincipalType": "Group"}, {"RightName": "GenericAll", "IsInherited": true, "PrincipalSID": "S-1-5-21-1243217196-228267950-267759882-519", "PrincipalType": "Group"}, {"RightName": "WriteOwner", "IsInherited": true, "PrincipalSID": "NORTH.SEVENKINGDOMS.LOCAL-S-1-5-32-544", "PrincipalType": "Group"}, {"RightName": "WriteDacl", "IsInherited": true, "PrincipalSID": "NORTH.SEVENKINGDOMS.LOCAL-S-1-5-32-544", "PrincipalType": "Group"}], "ChildObjects": []},{"ObjectIdentifier": "5D32A7E6-EF9C-4203-BACE-6BE3DDF3BA18", "Properties": {"domain": "NORTH.SEVENKINGDOMS.LOCAL", "name": "MEETINGS@NORTH.SEVENKINGDOMS.LOCAL", "distinguishedname": "CN=MEETINGS,CN=SYSTEM,DC=NORTH,DC=SEVENKINGDOMS,DC=LOCAL", "domainsid": "S-1-5-21-700064737-1551254894-2000701521", "highvalue": false, "description": "", "whencreated": 1693527518}, "IsDeleted": false, "IsACLProtected": false, "Aces": [{"RightName": "Owns", "IsInherited": false, "PrincipalSID": "S-1-5-21-700064737-1551254894-2000701521-512", "PrincipalType": "Group"}, {"RightName": "WriteOwner", "IsInherited": false, "PrincipalSID": "S-1-5-21-700064737-1551254894-2000701521-512", "PrincipalType": "Group"}, {"RightName": "WriteDacl", "IsInherited": false, "PrincipalSID": "S-1-5-21-700064737-1551254894-2000701521-512", "PrincipalType": "Group"}, {"RightName": "GenericAll", "IsInherited": true, "PrincipalSID": "S-1-5-21-1243217196-228267950-267759882-519", "PrincipalType": "Group"}, {"RightName": "WriteOwner", "IsInherited": true, "PrincipalSID": "NORTH.SEVENKINGDOMS.LOCAL-S-1-5-32-544", "PrincipalType": "Group"}, {"RightName": "WriteDacl", "IsInherited": true, "PrincipalSID": "NORTH.SEVENKINGDOMS.LOCAL-S-1-5-32-544", "PrincipalType": "Group"}], "ChildObjects": []},{"ObjectIdentifier": "F146EB34-904B-4315-B027-CDE7E1B9AFE9", "Properties": {"domain": "NORTH.SEVENKINGDOMS.LOCAL", "name": "WINSOCKSERVICES@NORTH.SEVENKINGDOMS.LOCAL", "distinguishedname": "CN=WINSOCKSERVICES,CN=SYSTEM,DC=NORTH,DC=SEVENKINGDOMS,DC=LOCAL", "domainsid": "S-1-5-21-700064737-1551254894-2000701521", "highvalue": false, "description": "", "whencreated": 1693527518}, "IsDeleted": false, "IsACLProtected": false, "Aces": [{"RightName": "Owns", "IsInherited": false, "PrincipalSID": "S-1-5-21-700064737-1551254894-2000701521-512", "PrincipalType": "Group"}, {"RightName": "WriteOwner", "IsInherited": false, "PrincipalSID": "S-1-5-21-700064737-1551254894-2000701521-512", "PrincipalType": "Group"}, {"RightName": "WriteDacl", "IsInherited": false, "PrincipalSID": "S-1-5-21-700064737-1551254894-2000701521-512", "PrincipalType": "Group"}, {"RightName": "GenericAll", "IsInherited": true, "PrincipalSID": "S-1-5-21-1243217196-228267950-267759882-519", "PrincipalType": "Group"}, {"RightName": "WriteOwner", "IsInherited": true, "PrincipalSID": "NORTH.SEVENKINGDOMS.LOCAL-S-1-5-32-544", "PrincipalType": "Group"}, {"RightName": "WriteDacl", "IsInherited": true, "PrincipalSID": "NORTH.SEVENKINGDOMS.LOCAL-S-1-5-32-544", "PrincipalType": "Group"}], "ChildObjects": []},{"ObjectIdentifier": "47DF30EB-2E98-4285-A78F-95EEE7C13997", "Properties": {"domain": "NORTH.SEVENKINGDOMS.LOCAL", "name": "SYSTEM@NORTH.SEVENKINGDOMS.LOCAL", "distinguishedname": "CN=SYSTEM,DC=NORTH,DC=SEVENKINGDOMS,DC=LOCAL", "domainsid": "S-1-5-21-700064737-1551254894-2000701521", "highvalue": false, "description": "Builtin system settings", "whencreated": 1693527518}, "IsDeleted": false, "IsACLProtected": false, "Aces": [{"RightName": "Owns", "IsInherited": false, "PrincipalSID": "S-1-5-21-700064737-1551254894-2000701521-512", "PrincipalType": "Group"}, {"RightName": "WriteOwner", "IsInherited": false, "PrincipalSID": "S-1-5-21-700064737-1551254894-2000701521-512", "PrincipalType": "Group"}, {"RightName": "WriteDacl", "IsInherited": false, "PrincipalSID": "S-1-5-21-700064737-1551254894-2000701521-512", "PrincipalType": "Group"}, {"RightName": "GenericAll", "IsInherited": true, "PrincipalSID": "S-1-5-21-1243217196-228267950-267759882-519", "PrincipalType": "Group"}, {"RightName": "WriteOwner", "IsInherited": true, "PrincipalSID": "NORTH.SEVENKINGDOMS.LOCAL-S-1-5-32-544", "PrincipalType": "Group"}, {"RightName": "WriteDacl", "IsInherited": true, "PrincipalSID": "NORTH.SEVENKINGDOMS.LOCAL-S-1-5-32-544", "PrincipalType": "Group"}], "ChildObjects": []},{"ObjectIdentifier": "E0C68ACB-31F5-46AA-B8D0-2A9CCBC8D43C", "Properties": {"domain": "NORTH.SEVENKINGDOMS.LOCAL", "name": "COMPUTERS@NORTH.SEVENKINGDOMS.LOCAL", "distinguishedname": "CN=COMPUTERS,DC=NORTH,DC=SEVENKINGDOMS,DC=LOCAL", "domainsid": "S-1-5-21-700064737-1551254894-2000701521", "highvalue": false, "description": "Default container for upgraded computer accounts", "whencreated": 1693527518}, "IsDeleted": false, "IsACLProtected": false, "Aces": [{"RightName": "Owns", "IsInherited": false, "PrincipalSID": "S-1-5-21-700064737-1551254894-2000701521-512", "PrincipalType": "Group"}, {"RightName": "WriteOwner", "IsInherited": false, "PrincipalSID": "S-1-5-21-700064737-1551254894-2000701521-512", "PrincipalType": "Group"}, {"RightName": "WriteDacl", "IsInherited": false, "PrincipalSID": "S-1-5-21-700064737-1551254894-2000701521-512", "PrincipalType": "Group"}, {"RightName": "GenericAll", "IsInherited": true, "PrincipalSID": "S-1-5-21-1243217196-228267950-267759882-519", "PrincipalType": "Group"}, {"RightName": "WriteOwner", "IsInherited": true, "PrincipalSID": "NORTH.SEVENKINGDOMS.LOCAL-S-1-5-32-544", "PrincipalType": "Group"}, {"RightName": "WriteDacl", "IsInherited": true, "PrincipalSID": "NORTH.SEVENKINGDOMS.LOCAL-S-1-5-32-544", "PrincipalType": "Group"}], "ChildObjects": [{"ObjectIdentifier": "S-1-5-21-700064737-1551254894-2000701521-1104", "ObjectType": "Computer"}]},{"ObjectIdentifier": "22A8D9CC-BB8B-40EA-911A-7F8ADBD2EE2E", "Properties": {"domain": "NORTH.SEVENKINGDOMS.LOCAL", "name": "USERS@NORTH.SEVENKINGDOMS.LOCAL", "distinguishedname": "CN=USERS,DC=NORTH,DC=SEVENKINGDOMS,DC=LOCAL", "domainsid": "S-1-5-21-700064737-1551254894-2000701521", "highvalue": false, "description": "Default container for upgraded user accounts", "whencreated": 1693527518}, "IsDeleted": false, "IsACLProtected": false, "Aces": [{"RightName": "Owns", "IsInherited": false, "PrincipalSID": "S-1-5-21-700064737-1551254894-2000701521-512", "PrincipalType": "Group"}, {"RightName": "WriteOwner", "IsInherited": false, "PrincipalSID": "S-1-5-21-700064737-1551254894-2000701521-512", "PrincipalType": "Group"}, {"RightName": "WriteDacl", "IsInherited": false, "PrincipalSID": "S-1-5-21-700064737-1551254894-2000701521-512", "PrincipalType": "Group"}, {"RightName": "GenericAll", "IsInherited": true, "PrincipalSID": "S-1-5-21-1243217196-228267950-267759882-519", "PrincipalType": "Group"}, {"RightName": "WriteOwner", "IsInherited": true, "PrincipalSID": "NORTH.SEVENKINGDOMS.LOCAL-S-1-5-32-544", "PrincipalType": "Group"}, {"RightName": "WriteDacl", "IsInherited": true, "PrincipalSID": "NORTH.SEVENKINGDOMS.LOCAL-S-1-5-32-544", "PrincipalType": "Group"}], "ChildObjects": [{"ObjectIdentifier": "S-1-5-21-700064737-1551254894-2000701521-1000", "ObjectType": "User"}, {"ObjectIdentifier": "S-1-5-21-700064737-1551254894-2000701521-1106", "ObjectType": "Group"}, {"ObjectIdentifier": "S-1-5-21-700064737-1551254894-2000701521-1121", "ObjectType": "User"}, {"ObjectIdentifier": "S-1-5-21-700064737-1551254894-2000701521-1105", "ObjectType": "trustaccount"}, {"ObjectIdentifier": "S-1-5-21-700064737-1551254894-2000701521-1114", "ObjectType": "User"}, {"ObjectIdentifier": "S-1-5-21-700064737-1551254894-2000701521-1119", "ObjectType": "User"}, {"ObjectIdentifier": "S-1-5-21-700064737-1551254894-2000701521-1113", "ObjectType": "User"}, {"ObjectIdentifier": "S-1-5-21-700064737-1551254894-2000701521-1116", "ObjectType": "User"}, {"ObjectIdentifier": "S-1-5-21-700064737-1551254894-2000701521-521", "ObjectType": "Group"}, {"ObjectIdentifier": "S-1-5-21-700064737-1551254894-2000701521-553", "ObjectType": "Group"}, {"ObjectIdentifier": "S-1-5-21-700064737-1551254894-2000701521-525", "ObjectType": "Group"}, {"ObjectIdentifier": "S-1-5-21-700064737-1551254894-2000701521-1107", "ObjectType": "Group"}, {"ObjectIdentifier": "S-1-5-21-700064737-1551254894-2000701521-1108", "ObjectType": "Group"}, {"ObjectIdentifier": "S-1-5-21-700064737-1551254894-2000701521-502", "ObjectType": "User"}, {"ObjectIdentifier": "S-1-5-21-700064737-1551254894-2000701521-526", "ObjectType": "Group"}, {"ObjectIdentifier": "S-1-5-21-700064737-1551254894-2000701521-1118", "ObjectType": "User"}, {"ObjectIdentifier": "S-1-5-21-700064737-1551254894-2000701521-1120", "ObjectType": "User"}, {"ObjectIdentifier": "S-1-5-21-700064737-1551254894-2000701521-1117", "ObjectType": "User"}, {"ObjectIdentifier": "S-1-5-21-700064737-1551254894-2000701521-501", "ObjectType": "User"}, {"ObjectIdentifier": "S-1-5-21-700064737-1551254894-2000701521-520", "ObjectType": "Group"}, {"ObjectIdentifier": "S-1-5-21-700064737-1551254894-2000701521-1111", "ObjectType": "User"}, {"ObjectIdentifier": "S-1-5-21-700064737-1551254894-2000701521-513", "ObjectType": "Group"}, {"ObjectIdentifier": "S-1-5-21-700064737-1551254894-2000701521-514", "ObjectType": "Group"}, {"ObjectIdentifier": "S-1-5-21-700064737-1551254894-2000701521-516", "ObjectType": "Group"}, {"ObjectIdentifier": "S-1-5-21-700064737-1551254894-2000701521-515", "ObjectType": "Group"}, {"ObjectIdentifier": "S-1-5-21-700064737-1551254894-2000701521-512", "ObjectType": "Group"}, {"ObjectIdentifier": "S-1-5-21-700064737-1551254894-2000701521-1103", "ObjectType": "Group"}, {"ObjectIdentifier": "S-1-5-21-700064737-1551254894-2000701521-1102", "ObjectType": "Group"}, {"ObjectIdentifier": "S-1-5-21-700064737-1551254894-2000701521-572", "ObjectType": "Group"}, {"ObjectIdentifier": "S-1-5-21-700064737-1551254894-2000701521-522", "ObjectType": "Group"}, {"ObjectIdentifier": "S-1-5-21-700064737-1551254894-2000701521-517", "ObjectType": "Group"}, {"ObjectIdentifier": "S-1-5-21-700064737-1551254894-2000701521-1112", "ObjectType": "User"}, {"ObjectIdentifier": "S-1-5-21-700064737-1551254894-2000701521-1115", "ObjectType": "User"}, {"ObjectIdentifier": "S-1-5-21-700064737-1551254894-2000701521-1110", "ObjectType": "User"}, {"ObjectIdentifier": "S-1-5-21-700064737-1551254894-2000701521-571", "ObjectType": "Group"}, {"ObjectIdentifier": "S-1-5-21-700064737-1551254894-2000701521-500", "ObjectType": "User"}, {"ObjectIdentifier": "S-1-5-21-700064737-1551254894-2000701521-1109", "ObjectType": "Group"}]}],"meta":{"methods":0,"type":"containers","count":19, "version":5}}