{"data": [{"ObjectIdentifier": "S-1-5-21-700064737-1551254894-2000701521", "Properties": {"name": "NORTH.SEVENKINGDOMS.LOCAL", "domain": "NORTH.SEVENKINGDOMS.LOCAL", "domainsid": "S-1-5-21-700064737-1551254894-2000701521", "distinguishedname": "DC=NORTH,DC=SEVENKINGDOMS,DC=LOCAL", "description": "", "functionallevel": "2016", "highvalue": true, "whencreated": 1693527518}, "Trusts": [{"TargetDomainName": "SEVENKINGDOMS.LOCAL", "TargetDomainSid": "S-1-5-21-1243217196-228267950-267759882", "IsTransitive": true, "TrustDirection": "Bidirectional", "TrustType": "ParentChild", "SidFilteringEnabled": false}], "Aces": [{"RightName": "Owns", "IsInherited": false, "PrincipalSID": "NORTH.SEVENKINGDOMS.LOCAL-S-1-5-32-544", "PrincipalType": "Group"}, {"RightName": "GetChanges", "IsInherited": false, "PrincipalSID": "S-1-5-21-1243217196-228267950-267759882-498", "PrincipalType": "Group"}, {"RightName": "GetChangesAll", "IsInherited": false, "PrincipalSID": "S-1-5-21-700064737-1551254894-2000701521-516", "PrincipalType": "Group"}, {"RightName": "GetChangesInFilteredSet", "IsInherited": false, "PrincipalSID": "NORTH.SEVENKINGDOMS.LOCAL-S-1-5-32-544", "PrincipalType": "Group"}, {"RightName": "GetChanges", "IsInherited": false, "PrincipalSID": "NORTH.SEVENKINGDOMS.LOCAL-S-1-5-32-544", "PrincipalType": "Group"}, {"RightName": "GetChangesAll", "IsInherited": false, "PrincipalSID": "NORTH.SEVENKINGDOMS.LOCAL-S-1-5-32-544", "PrincipalType": "Group"}, {"RightName": "GetChangesInFilteredSet", "IsInherited": false, "PrincipalSID": "NORTH.SEVENKINGDOMS.LOCAL-S-1-5-9", "PrincipalType": "Group"}, {"RightName": "GetChanges", "IsInherited": false, "PrincipalSID": "NORTH.SEVENKINGDOMS.LOCAL-S-1-5-9", "PrincipalType": "Group"}, {"RightName": "WriteOwner", "IsInherited": false, "PrincipalSID": "S-1-5-21-700064737-1551254894-2000701521-512", "PrincipalType": "Group"}, {"RightName": "AllExtendedRights", "IsInherited": false, "PrincipalSID": "S-1-5-21-700064737-1551254894-2000701521-512", "PrincipalType": "Group"}, {"RightName": "WriteDacl", "IsInherited": false, "PrincipalSID": "S-1-5-21-700064737-1551254894-2000701521-512", "PrincipalType": "Group"}, {"RightName": "GenericAll", "IsInherited": false, "PrincipalSID": "S-1-5-21-1243217196-228267950-267759882-519", "PrincipalType": "Group"}, {"RightName": "WriteOwner", "IsInherited": false, "PrincipalSID": "NORTH.SEVENKINGDOMS.LOCAL-S-1-5-32-544", "PrincipalType": "Group"}, {"RightName": "AllExtendedRights", "IsInherited": false, "PrincipalSID": "NORTH.SEVENKINGDOMS.LOCAL-S-1-5-32-544", "PrincipalType": "Group"}, {"RightName": "WriteDacl", "IsInherited": false, "PrincipalSID": "NORTH.SEVENKINGDOMS.LOCAL-S-1-5-32-544", "PrincipalType": "Group"}], "Links": [{"IsEnforced": false, "GUID": "DCD0ADF2-9D6E-4074-865F-64A8FD75FDCC"}], "ChildObjects": [{"ObjectIdentifier": "22A8D9CC-BB8B-40EA-911A-7F8ADBD2EE2E", "ObjectType": "Container"}, {"ObjectIdentifier": "8053B6A4-8E6B-4133-B4CA-879F69592E87", "ObjectType": "Container"}, {"ObjectIdentifier": "AAF19E3B-9C39-4C21-A2C5-3A93862A3EF5", "ObjectType": "OU"}, {"ObjectIdentifier": "1EAA8864-AC18-4D44-8DC4-08920CBA1720", "ObjectType": "Container"}, {"ObjectIdentifier": "F4F183B0-D04D-4321-92F2-5EE873F27A85", "ObjectType": "OU"}, {"ObjectIdentifier": "E0C68ACB-31F5-46AA-B8D0-2A9CCBC8D43C", "ObjectType": "Container"}], "GPOChanges": {"AffectedComputers": [], "DcomUsers": [], "LocalAdmins": [], "PSRemoteUsers": [], "RemoteDesktopUsers": []}, "IsDeleted": false, "IsACLProtected": false}], "meta": {"type": "domains", "count": 1, "version": 5}}